Maquina,Start,End,Producto,Demanda,task_mode,paso,delta,Activity
MAQ118,1,23,ROK ELASTIC,1,Harden[2] TM1,0,22,MAQ118|ROK ELASTIC|1|Harden[2] TM1|0
MAQ118,25,36,GORGORÃO RIBBON W/ INSCR,1,Ironing TM4,0,11,MAQ118|GORGORÃO RIBBON W/ INSCR|1|Ironing TM4|0
MAQ118,37,48,GORGORÃO RIBBON,3,Ironing TM4,0,11,MAQ118|GORGORÃO RIBBON|3|Ironing TM4|0
MAQ118,49,60,WOVEN LABEL OURELA FABRIC,0,Ironing TM4,0,11,MAQ118|WOVEN LABEL OURELA FABRIC|0|Ironing TM4|0
MAQ118,61,72,GORGORÃO RIBBON,11,Ironing TM4,0,11,MAQ118|GORGORÃO RIBBON|11|Ironing TM4|0
MAQ118,77,81,SMOOTH ELASTIC(A),1,Harden[0.5] TM4,0,4,MAQ118|SMOOTH ELASTIC(A)|1|Harden[0.5] TM4|0
MAQ118,82,86,SMOOTH ELASTIC(A),0,Harden[0.5] TM4,0,4,MAQ118|SMOOTH ELASTIC(A)|0|Harden[0.5] TM4|0
MAQ118,89,100,ESTORE RIBBON,2,Ironing TM4,0,11,MAQ118|ESTORE RIBBON|2|Ironing TM4|0
MAQ118,101,123,ROK ELASTIC,2,Harden[2] TM1,0,22,MAQ118|ROK ELASTIC|2|Harden[2] TM1|0
MAQ118,124,135,WOVEN LABEL OURELA CUT,0,Ironing TM4,0,11,MAQ118|WOVEN LABEL OURELA CUT|0|Ironing TM4|0
MAQ118,136,140,SMOOTH ELASTIC(A),4,Harden[0.5] TM4,0,4,MAQ118|SMOOTH ELASTIC(A)|4|Harden[0.5] TM4|0
MAQ118,141,152,GORGORÃO RIBBON,0,Ironing TM4,0,11,MAQ118|GORGORÃO RIBBON|0|Ironing TM4|0
MAQ118,154,165,GORGORÃO RIBBON,9,Ironing TM4,0,11,MAQ118|GORGORÃO RIBBON|9|Ironing TM4|0
MAQ118,167,171,WOVEN LABEL OURELA CUT,1,Harden[0.5] TM4,3,4,MAQ118|WOVEN LABEL OURELA CUT|1|Harden[0.5] TM4|3
MAQ118,172,183,WOVEN LABEL OURELA CUT,2,Ironing TM4,2,11,MAQ118|WOVEN LABEL OURELA CUT|2|Ironing TM4|2
MAQ118,185,189,WOVEN LABEL OURELA CUT,2,Harden[0.5] TM4,3,4,MAQ118|WOVEN LABEL OURELA CUT|2|Harden[0.5] TM4|3
MAQ118,193,201,STRAP W/ STRIPES,3,Harden[1] TM5,0,8,MAQ118|STRAP W/ STRIPES|3|Harden[1] TM5|0
MAQ118,202,206,ELASTIC W/ INSCR,1,Harden[0.5] TM4,3,4,MAQ118|ELASTIC W/ INSCR|1|Harden[0.5] TM4|3
MAQ118,209,220,ESTORE RIBBON,0,Ironing TM4,0,11,MAQ118|ESTORE RIBBON|0|Ironing TM4|0
MAQ118,221,232,WOVEN LABEL OURELA CUT,0,Ironing TM4,2,11,MAQ118|WOVEN LABEL OURELA CUT|0|Ironing TM4|2
MAQ118,234,245,GORGORÃO RIBBON W/ INSCR,3,Ironing TM4,0,11,MAQ118|GORGORÃO RIBBON W/ INSCR|3|Ironing TM4|0
MAQ118,246,254,STRAP W/ STRIPES,0,Harden[1] TM5,0,8,MAQ118|STRAP W/ STRIPES|0|Harden[1] TM5|0
MAQ118,256,264,WOVEN LABEL OURELA FABRIC,6,Harden[1] TM5,1,8,MAQ118|WOVEN LABEL OURELA FABRIC|6|Harden[1] TM5|1
MAQ118,266,277,ESTORE RIBBON,1,Ironing TM4,0,11,MAQ118|ESTORE RIBBON|1|Ironing TM4|0
MAQ118,279,290,ELASTIC W/ INSCR,2,Ironing TM4,0,11,MAQ118|ELASTIC W/ INSCR|2|Ironing TM4|0
MAQ118,292,306,WOVEN LABEL OURELA CUT,1,Harden[1.5] TM3,6,14,MAQ118|WOVEN LABEL OURELA CUT|1|Harden[1.5] TM3|6
MAQ118,307,315,WOVEN LABEL OURELA FABRIC,6,Harden[1] TM5,2,8,MAQ118|WOVEN LABEL OURELA FABRIC|6|Harden[1] TM5|2
MAQ118,316,324,STRAP W/ STRIPES,0,Harden[1] TM5,1,8,MAQ118|STRAP W/ STRIPES|0|Harden[1] TM5|1
MAQ118,328,339,ESTORE RIBBON,1,Ironing TM4,1,11,MAQ118|ESTORE RIBBON|1|Ironing TM4|1
MAQ118,344,366,ROK ELASTIC,0,Harden[2] TM1,0,22,MAQ118|ROK ELASTIC|0|Harden[2] TM1|0
MAQ118,367,378,ESTORE RIBBON,3,Ironing TM4,0,11,MAQ118|ESTORE RIBBON|3|Ironing TM4|0
MAQ118,379,383,WOVEN LABEL OURELA FABRIC,6,Harden[0.5] TM4,3,4,MAQ118|WOVEN LABEL OURELA FABRIC|6|Harden[0.5] TM4|3
MAQ118,385,393,WOVEN LABEL OURELA FABRIC,8,Harden[1] TM5,1,8,MAQ118|WOVEN LABEL OURELA FABRIC|8|Harden[1] TM5|1
MAQ118,394,402,STRAP W/ STRIPES,6,Harden[1] TM5,0,8,MAQ118|STRAP W/ STRIPES|6|Harden[1] TM5|0
MAQ118,403,411,WOVEN LABEL OURELA FABRIC,2,Harden[1] TM5,1,8,MAQ118|WOVEN LABEL OURELA FABRIC|2|Harden[1] TM5|1
MAQ118,413,417,WOVEN LABEL OURELA CUT,3,Harden[0.5] TM4,3,4,MAQ118|WOVEN LABEL OURELA CUT|3|Harden[0.5] TM4|3
MAQ118,418,426,WOVEN LABEL OURELA FABRIC,1,Harden[1] TM5,1,8,MAQ118|WOVEN LABEL OURELA FABRIC|1|Harden[1] TM5|1
MAQ118,427,435,STRAP W/ STRIPES,1,Harden[1] TM5,0,8,MAQ118|STRAP W/ STRIPES|1|Harden[1] TM5|0
MAQ118,436,444,WOVEN LABEL OURELA FABRIC,5,Harden[1] TM5,1,8,MAQ118|WOVEN LABEL OURELA FABRIC|5|Harden[1] TM5|1
MAQ118,445,453,WOVEN LABEL OURELA FABRIC,9,Harden[1] TM5,1,8,MAQ118|WOVEN LABEL OURELA FABRIC|9|Harden[1] TM5|1
MAQ118,454,462,STRAP W/ STRIPES,3,Harden[1] TM5,1,8,MAQ118|STRAP W/ STRIPES|3|Harden[1] TM5|1
MAQ118,463,471,STRAP W/ STRIPES,5,Harden[1] TM5,1,8,MAQ118|STRAP W/ STRIPES|5|Harden[1] TM5|1
MAQ118,473,481,WOVEN LABEL OURELA CUT,2,Harden[1] TM5,5,8,MAQ118|WOVEN LABEL OURELA CUT|2|Harden[1] TM5|5
MAQ118,482,490,WOVEN LABEL OURELA FABRIC,2,Harden[1] TM5,2,8,MAQ118|WOVEN LABEL OURELA FABRIC|2|Harden[1] TM5|2
MAQ118,491,502,ESTORE RIBBON,3,Ironing TM4,1,11,MAQ118|ESTORE RIBBON|3|Ironing TM4|1
MAQ118,504,512,TAFFETA EMBLEM,1,Harden[1] TM5,0,8,MAQ118|TAFFETA EMBLEM|1|Harden[1] TM5|0
MAQ118,513,521,WOVEN LABEL OURELA FABRIC,5,Harden[1] TM5,2,8,MAQ118|WOVEN LABEL OURELA FABRIC|5|Harden[1] TM5|2
MAQ118,522,530,WOVEN LABEL OURELA FABRIC,8,Harden[1] TM5,2,8,MAQ118|WOVEN LABEL OURELA FABRIC|8|Harden[1] TM5|2
MAQ118,531,535,WOVEN LABEL OURELA CUT,0,Harden[0.5] TM4,3,4,MAQ118|WOVEN LABEL OURELA CUT|0|Harden[0.5] TM4|3
MAQ118,536,544,STRAP W/ STRIPES,1,Harden[1] TM5,1,8,MAQ118|STRAP W/ STRIPES|1|Harden[1] TM5|1
MAQ118,546,554,STRAP W/ STRIPES,4,Harden[1] TM5,0,8,MAQ118|STRAP W/ STRIPES|4|Harden[1] TM5|0
MAQ118,555,563,WOVEN LABEL OURELA CUT,3,Harden[1] TM5,4,8,MAQ118|WOVEN LABEL OURELA CUT|3|Harden[1] TM5|4
MAQ118,564,572,WOVEN LABEL OURELA CUT,3,Harden[1] TM5,5,8,MAQ118|WOVEN LABEL OURELA CUT|3|Harden[1] TM5|5
MAQ118,577,581,WOVEN LABEL OURELA FABRIC,2,Harden[0.5] TM4,3,4,MAQ118|WOVEN LABEL OURELA FABRIC|2|Harden[0.5] TM4|3
MAQ118,582,593,ESTORE RIBBON,5,Ironing TM4,2,11,MAQ118|ESTORE RIBBON|5|Ironing TM4|2
MAQ118,596,604,WOVEN LABEL OURELA FABRIC,10,Harden[1] TM5,1,8,MAQ118|WOVEN LABEL OURELA FABRIC|10|Harden[1] TM5|1
MAQ118,606,620,WOVEN LABEL OURELA CUT,3,Harden[1.5] TM3,6,14,MAQ118|WOVEN LABEL OURELA CUT|3|Harden[1.5] TM3|6
MAQ118,623,631,STRAP W/ STRIPES,4,Harden[1] TM5,1,8,MAQ118|STRAP W/ STRIPES|4|Harden[1] TM5|1
MAQ118,633,641,WOVEN LABEL OURELA CUT,0,Harden[1] TM5,4,8,MAQ118|WOVEN LABEL OURELA CUT|0|Harden[1] TM5|4
MAQ118,642,650,STRAP W/ STRIPES,8,Harden[1] TM5,0,8,MAQ118|STRAP W/ STRIPES|8|Harden[1] TM5|0
MAQ118,652,660,WOVEN LABEL OURELA FABRIC,4,Harden[1] TM5,2,8,MAQ118|WOVEN LABEL OURELA FABRIC|4|Harden[1] TM5|2
MAQ118,663,677,WOVEN LABEL OURELA CUT,0,Harden[1.5] TM3,6,14,MAQ118|WOVEN LABEL OURELA CUT|0|Harden[1.5] TM3|6
MAQ118,679,687,STRAP W/ STRIPES,7,Harden[1] TM5,1,8,MAQ118|STRAP W/ STRIPES|7|Harden[1] TM5|1
MAQ118,688,696,WOVEN LABEL OURELA CUT,4,Harden[1] TM5,4,8,MAQ118|WOVEN LABEL OURELA CUT|4|Harden[1] TM5|4
MAQ118,697,705,STRAP W/ STRIPES,9,Harden[1] TM5,0,8,MAQ118|STRAP W/ STRIPES|9|Harden[1] TM5|0
MAQ118,706,714,WOVEN LABEL OURELA FABRIC,11,Harden[1] TM5,1,8,MAQ118|WOVEN LABEL OURELA FABRIC|11|Harden[1] TM5|1
MAQ118,715,723,STRAP W/ STRIPES,9,Harden[1] TM5,1,8,MAQ118|STRAP W/ STRIPES|9|Harden[1] TM5|1
MAQ118,725,733,WOVEN LABEL OURELA CUT,4,Harden[1] TM5,5,8,MAQ118|WOVEN LABEL OURELA CUT|4|Harden[1] TM5|5
MAQ118,734,748,WOVEN LABEL OURELA CUT,4,Harden[1.5] TM3,6,14,MAQ118|WOVEN LABEL OURELA CUT|4|Harden[1.5] TM3|6
MAQ118,749,757,WOVEN LABEL OURELA FABRIC,0,Harden[1] TM5,2,8,MAQ118|WOVEN LABEL OURELA FABRIC|0|Harden[1] TM5|2
MAQ118,759,767,WOVEN LABEL OURELA FABRIC,11,Harden[1] TM5,2,8,MAQ118|WOVEN LABEL OURELA FABRIC|11|Harden[1] TM5|2
MAQ118,769,773,WOVEN LABEL OURELA FABRIC,1,Harden[0.5] TM4,3,4,MAQ118|WOVEN LABEL OURELA FABRIC|1|Harden[0.5] TM4|3
MAQ118,774,778,WOVEN LABEL OURELA FABRIC,11,Harden[0.5] TM4,3,4,MAQ118|WOVEN LABEL OURELA FABRIC|11|Harden[0.5] TM4|3
MAQ118,780,784,WOVEN LABEL OURELA FABRIC,3,Harden[0.5] TM4,3,4,MAQ118|WOVEN LABEL OURELA FABRIC|3|Harden[0.5] TM4|3
MAQ118,785,789,WOVEN LABEL OURELA FABRIC,8,Harden[0.5] TM4,3,4,MAQ118|WOVEN LABEL OURELA FABRIC|8|Harden[0.5] TM4|3
MAQ118,790,798,WOVEN LABEL OURELA FABRIC,7,Harden[1] TM5,1,8,MAQ118|WOVEN LABEL OURELA FABRIC|7|Harden[1] TM5|1
MAQ118,799,803,WOVEN LABEL OURELA FABRIC,7,Harden[0.5] TM4,3,4,MAQ118|WOVEN LABEL OURELA FABRIC|7|Harden[0.5] TM4|3
MAQ118,804,812,WOVEN LABEL OURELA FABRIC,10,Harden[1] TM5,2,8,MAQ118|WOVEN LABEL OURELA FABRIC|10|Harden[1] TM5|2
MAQ118,816,824,WOVEN LABEL OURELA FABRIC,12,Harden[1] TM5,2,8,MAQ118|WOVEN LABEL OURELA FABRIC|12|Harden[1] TM5|2
MAQ119,2,17,TAFFETA EMBLEM,2,Harden[1] TM1,0,15,MAQ119|TAFFETA EMBLEM|2|Harden[1] TM1|0
MAQ119,18,26,SMOOTH STRAP(A),1,Ironing TM3,0,8,MAQ119|SMOOTH STRAP(A)|1|Ironing TM3|0
MAQ119,27,35,SMOOTH STRAP(A),0,Ironing TM3,0,8,MAQ119|SMOOTH STRAP(A)|0|Ironing TM3|0
MAQ119,36,51,TAFFETA EMBLEM,0,Harden[1] TM1,0,15,MAQ119|TAFFETA EMBLEM|0|Harden[1] TM1|0
MAQ119,52,60,WOVEN LABEL OURELA CUT,1,Ironing TM3,0,8,MAQ119|WOVEN LABEL OURELA CUT|1|Ironing TM3|0
MAQ119,62,70,WOVEN LABEL OURELA CUT,1,Ironing TM3,1,8,MAQ119|WOVEN LABEL OURELA CUT|1|Ironing TM3|1
MAQ119,71,79,WOVEN LABEL OURELA CUT,2,Ironing TM3,0,8,MAQ119|WOVEN LABEL OURELA CUT|2|Ironing TM3|0
MAQ119,80,91,SMOOTH ELASTIC(A),3,Harden[0.5] TM1,0,11,MAQ119|SMOOTH ELASTIC(A)|3|Harden[0.5] TM1|0
MAQ119,92,100,GORGORÃO RIBBON,4,Ironing TM3,0,8,MAQ119|GORGORÃO RIBBON|4|Ironing TM3|0
MAQ119,101,109,GORGORÃO RIBBON,10,Ironing TM3,0,8,MAQ119|GORGORÃO RIBBON|10|Ironing TM3|0
MAQ119,111,135,ROK ELASTIC,1,Harden[1.5] TM1,1,24,MAQ119|ROK ELASTIC|1|Harden[1.5] TM1|1
MAQ119,136,151,TAFFETA EMBLEM,3,Harden[1] TM1,0,15,MAQ119|TAFFETA EMBLEM|3|Harden[1] TM1|0
MAQ119,153,161,GORGORÃO RIBBON,2,Ironing TM3,0,8,MAQ119|GORGORÃO RIBBON|2|Ironing TM3|0
MAQ119,163,178,TAFFETA EMBLEM,7,Harden[1] TM1,0,15,MAQ119|TAFFETA EMBLEM|7|Harden[1] TM1|0
MAQ119,179,187,ELASTIC W/ INSCR,0,Ironing TM3,0,8,MAQ119|ELASTIC W/ INSCR|0|Ironing TM3|0
MAQ119,193,208,TAFFETA EMBLEM,5,Harden[1] TM1,0,15,MAQ119|TAFFETA EMBLEM|5|Harden[1] TM1|0
MAQ119,210,225,WOVEN LABEL OURELA CUT,1,Harden[1] TM1,4,15,MAQ119|WOVEN LABEL OURELA CUT|1|Harden[1] TM1|4
MAQ119,226,237,SMOOTH ELASTIC(A),2,Harden[0.5] TM1,0,11,MAQ119|SMOOTH ELASTIC(A)|2|Harden[0.5] TM1|0
MAQ119,238,262,ROK ELASTIC,2,Harden[1.5] TM1,1,24,MAQ119|ROK ELASTIC|2|Harden[1.5] TM1|1
MAQ119,263,271,ESTORE RIBBON,4,Ironing TM3,0,8,MAQ119|ESTORE RIBBON|4|Ironing TM3|0
MAQ119,272,287,WOVEN LABEL OURELA CUT,1,Harden[1] TM1,5,15,MAQ119|WOVEN LABEL OURELA CUT|1|Harden[1] TM1|5
MAQ119,288,296,SMOOTH STRAP(A),2,Ironing TM3,0,8,MAQ119|SMOOTH STRAP(A)|2|Ironing TM3|0
MAQ119,297,305,ESTORE RIBBON,4,Ironing TM3,2,8,MAQ119|ESTORE RIBBON|4|Ironing TM3|2
MAQ119,306,314,SMOOTH STRAP(A),3,Ironing TM3,0,8,MAQ119|SMOOTH STRAP(A)|3|Ironing TM3|0
MAQ119,315,330,STRAP W/ STRIPES,5,Harden[1] TM1,0,15,MAQ119|STRAP W/ STRIPES|5|Harden[1] TM1|0
MAQ119,332,347,STRAP W/ STRIPES,7,Harden[1] TM1,0,15,MAQ119|STRAP W/ STRIPES|7|Harden[1] TM1|0
MAQ119,349,357,ESTORE RIBBON,0,Ironing TM3,2,8,MAQ119|ESTORE RIBBON|0|Ironing TM3|2
MAQ119,358,369,ELASTIC W/ INSCR,0,Harden[0.5] TM1,3,11,MAQ119|ELASTIC W/ INSCR|0|Harden[0.5] TM1|3
MAQ119,370,378,WOVEN LABEL OURELA FABRIC,2,Ironing TM3,0,8,MAQ119|WOVEN LABEL OURELA FABRIC|2|Ironing TM3|0
MAQ119,385,409,ROK ELASTIC,0,Harden[1.5] TM1,1,24,MAQ119|ROK ELASTIC|0|Harden[1.5] TM1|1
MAQ119,410,425,WOVEN LABEL OURELA CUT,2,Harden[1] TM1,4,15,MAQ119|WOVEN LABEL OURELA CUT|2|Harden[1] TM1|4
MAQ119,427,442,TAFFETA EMBLEM,4,Harden[1] TM1,0,15,MAQ119|TAFFETA EMBLEM|4|Harden[1] TM1|0
MAQ119,443,458,STRAP W/ STRIPES,2,Harden[1] TM1,0,15,MAQ119|STRAP W/ STRIPES|2|Harden[1] TM1|0
MAQ119,459,474,STRAP W/ STRIPES,2,Harden[1] TM1,1,15,MAQ119|STRAP W/ STRIPES|2|Harden[1] TM1|1
MAQ119,475,490,TAFFETA EMBLEM,6,Harden[1] TM1,0,15,MAQ119|TAFFETA EMBLEM|6|Harden[1] TM1|0
MAQ119,492,503,ELASTIC W/ INSCR,2,Harden[0.5] TM1,3,11,MAQ119|ELASTIC W/ INSCR|2|Harden[0.5] TM1|3
MAQ119,504,528,WOVEN LABEL OURELA CUT,2,Harden[1.5] TM1,6,24,MAQ119|WOVEN LABEL OURELA CUT|2|Harden[1.5] TM1|6
MAQ119,530,545,TAFFETA EMBLEM,9,Harden[1] TM1,0,15,MAQ119|TAFFETA EMBLEM|9|Harden[1] TM1|0
MAQ119,546,561,TAFFETA EMBLEM,8,Harden[1] TM1,0,15,MAQ119|TAFFETA EMBLEM|8|Harden[1] TM1|0
MAQ119,564,575,WOVEN LABEL OURELA FABRIC,5,Harden[0.5] TM1,3,11,MAQ119|WOVEN LABEL OURELA FABRIC|5|Harden[0.5] TM1|3
MAQ119,578,593,WOVEN LABEL OURELA FABRIC,0,Harden[1] TM1,1,15,MAQ119|WOVEN LABEL OURELA FABRIC|0|Harden[1] TM1|1
MAQ119,594,609,WOVEN LABEL OURELA FABRIC,9,Harden[1] TM1,2,15,MAQ119|WOVEN LABEL OURELA FABRIC|9|Harden[1] TM1|2
MAQ119,610,625,WOVEN LABEL OURELA FABRIC,3,Harden[1] TM1,1,15,MAQ119|WOVEN LABEL OURELA FABRIC|3|Harden[1] TM1|1
MAQ119,626,641,WOVEN LABEL OURELA FABRIC,4,Harden[1] TM1,1,15,MAQ119|WOVEN LABEL OURELA FABRIC|4|Harden[1] TM1|1
MAQ119,642,657,WOVEN LABEL OURELA CUT,0,Harden[1] TM1,5,15,MAQ119|WOVEN LABEL OURELA CUT|0|Harden[1] TM1|5
MAQ119,658,673,STRAP W/ STRIPES,6,Harden[1] TM1,1,15,MAQ119|STRAP W/ STRIPES|6|Harden[1] TM1|1
MAQ119,675,686,WOVEN LABEL OURELA CUT,4,Harden[0.5] TM1,3,11,MAQ119|WOVEN LABEL OURELA CUT|4|Harden[0.5] TM1|3
MAQ119,687,702,STRAP W/ STRIPES,8,Harden[1] TM1,1,15,MAQ119|STRAP W/ STRIPES|8|Harden[1] TM1|1
MAQ119,703,714,WOVEN LABEL OURELA FABRIC,4,Harden[0.5] TM1,3,11,MAQ119|WOVEN LABEL OURELA FABRIC|4|Harden[0.5] TM1|3
MAQ119,716,727,WOVEN LABEL OURELA FABRIC,9,Harden[0.5] TM1,3,11,MAQ119|WOVEN LABEL OURELA FABRIC|9|Harden[0.5] TM1|3
MAQ119,728,743,WOVEN LABEL OURELA FABRIC,1,Harden[1] TM1,2,15,MAQ119|WOVEN LABEL OURELA FABRIC|1|Harden[1] TM1|2
MAQ119,744,759,WOVEN LABEL OURELA FABRIC,3,Harden[1] TM1,2,15,MAQ119|WOVEN LABEL OURELA FABRIC|3|Harden[1] TM1|2
MAQ119,769,780,WOVEN LABEL OURELA FABRIC,0,Harden[0.5] TM1,3,11,MAQ119|WOVEN LABEL OURELA FABRIC|0|Harden[0.5] TM1|3
MAQ119,781,796,WOVEN LABEL OURELA FABRIC,12,Harden[1] TM1,1,15,MAQ119|WOVEN LABEL OURELA FABRIC|12|Harden[1] TM1|1
MAQ119,797,812,WOVEN LABEL OURELA FABRIC,7,Harden[1] TM1,2,15,MAQ119|WOVEN LABEL OURELA FABRIC|7|Harden[1] TM1|2
MAQ119,813,824,WOVEN LABEL OURELA FABRIC,10,Harden[0.5] TM1,3,11,MAQ119|WOVEN LABEL OURELA FABRIC|10|Harden[0.5] TM1|3
MAQ119,825,836,WOVEN LABEL OURELA FABRIC,12,Harden[0.5] TM1,3,11,MAQ119|WOVEN LABEL OURELA FABRIC|12|Harden[0.5] TM1|3
MAQ120,1,9,GORGORÃO RIBBON,5,Ironing TM1,0,8,MAQ120|GORGORÃO RIBBON|5|Ironing TM1|0
MAQ120,11,19,ELASTIC W/ INSCR,1,Ironing TM1,0,8,MAQ120|ELASTIC W/ INSCR|1|Ironing TM1|0
MAQ120,21,29,GORGORÃO RIBBON W/ INSCR,2,Ironing TM1,0,8,MAQ120|GORGORÃO RIBBON W/ INSCR|2|Ironing TM1|0
MAQ120,31,37,ELASTIC W/ INSCR,1,Anti-Shrinkage TM2,1,6,MAQ120|ELASTIC W/ INSCR|1|Anti-Shrinkage TM2|1
MAQ120,38,46,ESTORE RIBBON,5,Ironing TM1,0,8,MAQ120|ESTORE RIBBON|5|Ironing TM1|0
MAQ120,48,56,GORGORÃO RIBBON,1,Ironing TM1,0,8,MAQ120|GORGORÃO RIBBON|1|Ironing TM1|0
MAQ120,57,65,GORGORÃO RIBBON W/ INSCR,0,Ironing TM1,0,8,MAQ120|GORGORÃO RIBBON W/ INSCR|0|Ironing TM1|0
MAQ120,66,72,BRAIDED ELASTIC,6,Anti-Shrinkage TM2,0,6,MAQ120|BRAIDED ELASTIC|6|Anti-Shrinkage TM2|0
MAQ120,73,81,WOVEN LABEL OURELA FABRIC,5,Ironing TM1,0,8,MAQ120|WOVEN LABEL OURELA FABRIC|5|Ironing TM1|0
MAQ120,82,90,WOVEN LABEL OURELA FABRIC,1,Ironing TM1,0,8,MAQ120|WOVEN LABEL OURELA FABRIC|1|Ironing TM1|0
MAQ120,91,99,WOVEN LABEL OURELA CUT,1,Ironing TM1,2,8,MAQ120|WOVEN LABEL OURELA CUT|1|Ironing TM1|2
MAQ120,100,103,PRINTED RIBBON,14,Sublimation TM3,0,3,MAQ120|PRINTED RIBBON|14|Sublimation TM3|0
MAQ120,105,113,GORGORÃO RIBBON,8,Ironing TM1,0,8,MAQ120|GORGORÃO RIBBON|8|Ironing TM1|0
MAQ120,116,124,WOVEN LABEL OURELA CUT,2,Ironing TM1,1,8,MAQ120|WOVEN LABEL OURELA CUT|2|Ironing TM1|1
MAQ120,125,133,GORGORÃO RIBBON,6,Ironing TM1,0,8,MAQ120|GORGORÃO RIBBON|6|Ironing TM1|0
MAQ120,134,140,ELASTIC W/ INSCR,1,Anti-Shrinkage TM2,2,6,MAQ120|ELASTIC W/ INSCR|1|Anti-Shrinkage TM2|2
MAQ120,142,150,WOVEN LABEL OURELA CUT,0,Ironing TM1,1,8,MAQ120|WOVEN LABEL OURELA CUT|0|Ironing TM1|1
MAQ120,152,160,GORGORÃO RIBBON,7,Ironing TM1,0,8,MAQ120|GORGORÃO RIBBON|7|Ironing TM1|0
MAQ120,161,169,ESTORE RIBBON,2,Ironing TM1,1,8,MAQ120|ESTORE RIBBON|2|Ironing TM1|1
MAQ120,170,178,WOVEN LABEL OURELA FABRIC,3,Ironing TM1,0,8,MAQ120|WOVEN LABEL OURELA FABRIC|3|Ironing TM1|0
MAQ120,179,185,BRAIDED ELASTIC,0,Anti-Shrinkage TM2,0,6,MAQ120|BRAIDED ELASTIC|0|Anti-Shrinkage TM2|0
MAQ120,186,189,PRINTED RIBBON,12,Sublimation TM3,0,3,MAQ120|PRINTED RIBBON|12|Sublimation TM3|0
MAQ120,193,196,PRINTED RIBBON  PES,4,Sublimation TM3,0,3,MAQ120|PRINTED RIBBON  PES|4|Sublimation TM3|0
MAQ120,197,200,PRINTED RIBBON  PES,2,Sublimation TM3,0,3,MAQ120|PRINTED RIBBON  PES|2|Sublimation TM3|0
MAQ120,201,209,WOVEN LABEL OURELA FABRIC,8,Ironing TM1,0,8,MAQ120|WOVEN LABEL OURELA FABRIC|8|Ironing TM1|0
MAQ120,210,218,GORGORÃO RIBBON W/ INSCR,4,Ironing TM1,0,8,MAQ120|GORGORÃO RIBBON W/ INSCR|4|Ironing TM1|0
MAQ120,220,223,PRINTED RIBBON,5,Sublimation TM3,0,3,MAQ120|PRINTED RIBBON|5|Sublimation TM3|0
MAQ120,225,228,PRINTED RIBBON  PES,1,Sublimation TM3,0,3,MAQ120|PRINTED RIBBON  PES|1|Sublimation TM3|0
MAQ120,229,237,WOVEN LABEL OURELA FABRIC,6,Ironing TM1,0,8,MAQ120|WOVEN LABEL OURELA FABRIC|6|Ironing TM1|0
MAQ120,238,246,ESTORE RIBBON,0,Ironing TM1,1,8,MAQ120|ESTORE RIBBON|0|Ironing TM1|1
MAQ120,247,253,BRAIDED ELASTIC,1,Anti-Shrinkage TM2,0,6,MAQ120|BRAIDED ELASTIC|1|Anti-Shrinkage TM2|0
MAQ120,254,262,WOVEN LABEL OURELA CUT,3,Ironing TM1,0,8,MAQ120|WOVEN LABEL OURELA CUT|3|Ironing TM1|0
MAQ120,263,266,PRINTED RIBBON,9,Sublimation TM3,0,3,MAQ120|PRINTED RIBBON|9|Sublimation TM3|0
MAQ120,269,277,ESTORE RIBBON,4,Ironing TM1,1,8,MAQ120|ESTORE RIBBON|4|Ironing TM1|1
MAQ120,279,282,PRINTED RIBBON,11,Sublimation TM3,0,3,MAQ120|PRINTED RIBBON|11|Sublimation TM3|0
MAQ120,283,289,ELASTIC W/ INSCR,0,Anti-Shrinkage TM2,1,6,MAQ120|ELASTIC W/ INSCR|0|Anti-Shrinkage TM2|1
MAQ120,291,299,GORGORÃO RIBBON,12,Ironing TM1,0,8,MAQ120|GORGORÃO RIBBON|12|Ironing TM1|0
MAQ120,301,307,ELASTIC W/ INSCR,0,Anti-Shrinkage TM2,2,6,MAQ120|ELASTIC W/ INSCR|0|Anti-Shrinkage TM2|2
MAQ120,308,314,PRINTED RIBBON,11,Anti-Shrinkage TM2,1,6,MAQ120|PRINTED RIBBON|11|Anti-Shrinkage TM2|1
MAQ120,315,323,ESTORE RIBBON,2,Ironing TM1,2,8,MAQ120|ESTORE RIBBON|2|Ironing TM1|2
MAQ120,324,330,BRAIDED ELASTIC,3,Anti-Shrinkage TM2,0,6,MAQ120|BRAIDED ELASTIC|3|Anti-Shrinkage TM2|0
MAQ120,333,339,BRAIDED ELASTIC,11,Anti-Shrinkage TM2,0,6,MAQ120|BRAIDED ELASTIC|11|Anti-Shrinkage TM2|0
MAQ120,340,348,WOVEN LABEL OURELA FABRIC,4,Ironing TM1,0,8,MAQ120|WOVEN LABEL OURELA FABRIC|4|Ironing TM1|0
MAQ120,349,352,PRINTED RIBBON,19,Sublimation TM3,0,3,MAQ120|PRINTED RIBBON|19|Sublimation TM3|0
MAQ120,354,362,WOVEN LABEL OURELA CUT,3,Ironing TM1,1,8,MAQ120|WOVEN LABEL OURELA CUT|3|Ironing TM1|1
MAQ120,364,370,ELASTIC W/ INSCR,2,Anti-Shrinkage TM2,1,6,MAQ120|ELASTIC W/ INSCR|2|Anti-Shrinkage TM2|1
MAQ120,371,379,WOVEN LABEL OURELA CUT,3,Ironing TM1,2,8,MAQ120|WOVEN LABEL OURELA CUT|3|Ironing TM1|2
MAQ120,380,383,PRINTED RIBBON  PES,8,Sublimation TM3,0,3,MAQ120|PRINTED RIBBON  PES|8|Sublimation TM3|0
MAQ120,387,393,ELASTIC W/ INSCR,2,Anti-Shrinkage TM2,2,6,MAQ120|ELASTIC W/ INSCR|2|Anti-Shrinkage TM2|2
MAQ120,395,403,WOVEN LABEL OURELA CUT,4,Ironing TM1,0,8,MAQ120|WOVEN LABEL OURELA CUT|4|Ironing TM1|0
MAQ120,404,410,BRAIDED ELASTIC,7,Anti-Shrinkage TM2,0,6,MAQ120|BRAIDED ELASTIC|7|Anti-Shrinkage TM2|0
MAQ120,411,417,STRAP W/ STRIPES,0,Anti-Shrinkage TM2,2,6,MAQ120|STRAP W/ STRIPES|0|Anti-Shrinkage TM2|2
MAQ120,421,427,BRAIDED ELASTIC,2,Anti-Shrinkage TM2,0,6,MAQ120|BRAIDED ELASTIC|2|Anti-Shrinkage TM2|0
MAQ120,428,434,PRINTED RIBBON,12,Anti-Shrinkage TM2,1,6,MAQ120|PRINTED RIBBON|12|Anti-Shrinkage TM2|1
MAQ120,435,443,ESTORE RIBBON,1,Ironing TM1,2,8,MAQ120|ESTORE RIBBON|1|Ironing TM1|2
MAQ120,444,452,WOVEN LABEL OURELA FABRIC,9,Ironing TM1,0,8,MAQ120|WOVEN LABEL OURELA FABRIC|9|Ironing TM1|0
MAQ120,453,461,WOVEN LABEL OURELA FABRIC,7,Ironing TM1,0,8,MAQ120|WOVEN LABEL OURELA FABRIC|7|Ironing TM1|0
MAQ120,462,470,WOVEN LABEL OURELA CUT,4,Ironing TM1,1,8,MAQ120|WOVEN LABEL OURELA CUT|4|Ironing TM1|1
MAQ120,472,480,WOVEN LABEL OURELA FABRIC,10,Ironing TM1,0,8,MAQ120|WOVEN LABEL OURELA FABRIC|10|Ironing TM1|0
MAQ120,487,495,ESTORE RIBBON,5,Ironing TM1,1,8,MAQ120|ESTORE RIBBON|5|Ironing TM1|1
MAQ120,498,504,STRAP W/ STRIPES,2,Anti-Shrinkage TM2,2,6,MAQ120|STRAP W/ STRIPES|2|Anti-Shrinkage TM2|2
MAQ120,505,513,WOVEN LABEL OURELA FABRIC,11,Ironing TM1,0,8,MAQ120|WOVEN LABEL OURELA FABRIC|11|Ironing TM1|0
MAQ120,515,521,BRAIDED ELASTIC,4,Anti-Shrinkage TM2,0,6,MAQ120|BRAIDED ELASTIC|4|Anti-Shrinkage TM2|0
MAQ120,523,531,ESTORE RIBBON,3,Ironing TM1,2,8,MAQ120|ESTORE RIBBON|3|Ironing TM1|2
MAQ120,534,537,PRINTED RIBBON  PES,5,Sublimation TM3,0,3,MAQ120|PRINTED RIBBON  PES|5|Sublimation TM3|0
MAQ120,538,544,STRAP W/ STRIPES,1,Anti-Shrinkage TM2,2,6,MAQ120|STRAP W/ STRIPES|1|Anti-Shrinkage TM2|2
MAQ120,546,552,PRINTED RIBBON,14,Anti-Shrinkage TM2,1,6,MAQ120|PRINTED RIBBON|14|Anti-Shrinkage TM2|1
MAQ120,553,559,BRAIDED ELASTIC,10,Anti-Shrinkage TM2,0,6,MAQ120|BRAIDED ELASTIC|10|Anti-Shrinkage TM2|0
MAQ120,560,568,WOVEN LABEL OURELA CUT,4,Ironing TM1,2,8,MAQ120|WOVEN LABEL OURELA CUT|4|Ironing TM1|2
MAQ120,569,572,PRINTED RIBBON  PES,6,Sublimation TM3,0,3,MAQ120|PRINTED RIBBON  PES|6|Sublimation TM3|0
MAQ120,573,576,PRINTED RIBBON,2,Sublimation TM3,0,3,MAQ120|PRINTED RIBBON|2|Sublimation TM3|0
MAQ120,578,581,PRINTED RIBBON,25,Sublimation TM3,0,3,MAQ120|PRINTED RIBBON|25|Sublimation TM3|0
MAQ120,582,585,PRINTED RIBBON,3,Sublimation TM3,0,3,MAQ120|PRINTED RIBBON|3|Sublimation TM3|0
MAQ120,586,592,STRAP W/ STRIPES,3,Anti-Shrinkage TM2,2,6,MAQ120|STRAP W/ STRIPES|3|Anti-Shrinkage TM2|2
MAQ120,595,601,BRAIDED ELASTIC,9,Anti-Shrinkage TM2,0,6,MAQ120|BRAIDED ELASTIC|9|Anti-Shrinkage TM2|0
MAQ120,602,608,BRAIDED ELASTIC,5,Anti-Shrinkage TM2,0,6,MAQ120|BRAIDED ELASTIC|5|Anti-Shrinkage TM2|0
MAQ120,610,613,PRINTED RIBBON  PES,3,Sublimation TM3,0,3,MAQ120|PRINTED RIBBON  PES|3|Sublimation TM3|0
MAQ120,614,617,PRINTED RIBBON  PES,0,Sublimation TM3,0,3,MAQ120|PRINTED RIBBON  PES|0|Sublimation TM3|0
MAQ120,618,624,STRAP W/ STRIPES,5,Anti-Shrinkage TM2,2,6,MAQ120|STRAP W/ STRIPES|5|Anti-Shrinkage TM2|2
MAQ120,625,628,PRINTED RIBBON  PES,7,Sublimation TM3,0,3,MAQ120|PRINTED RIBBON  PES|7|Sublimation TM3|0
MAQ120,629,632,PRINTED RIBBON  PES,9,Sublimation TM3,0,3,MAQ120|PRINTED RIBBON  PES|9|Sublimation TM3|0
MAQ120,633,639,BRAIDED ELASTIC,8,Anti-Shrinkage TM2,0,6,MAQ120|BRAIDED ELASTIC|8|Anti-Shrinkage TM2|0
MAQ120,641,647,PRINTED RIBBON,5,Anti-Shrinkage TM2,1,6,MAQ120|PRINTED RIBBON|5|Anti-Shrinkage TM2|1
MAQ120,649,655,STRAP W/ STRIPES,4,Anti-Shrinkage TM2,2,6,MAQ120|STRAP W/ STRIPES|4|Anti-Shrinkage TM2|2
MAQ120,658,661,PRINTED RIBBON,10,Sublimation TM3,0,3,MAQ120|PRINTED RIBBON|10|Sublimation TM3|0
MAQ120,662,668,BRAIDED ELASTIC,12,Anti-Shrinkage TM2,0,6,MAQ120|BRAIDED ELASTIC|12|Anti-Shrinkage TM2|0
MAQ120,669,675,STRAP W/ STRIPES,6,Anti-Shrinkage TM2,2,6,MAQ120|STRAP W/ STRIPES|6|Anti-Shrinkage TM2|2
MAQ120,676,682,BRAIDED ELASTIC,14,Anti-Shrinkage TM2,0,6,MAQ120|BRAIDED ELASTIC|14|Anti-Shrinkage TM2|0
MAQ120,683,689,STRAP W/ STRIPES,7,Anti-Shrinkage TM2,2,6,MAQ120|STRAP W/ STRIPES|7|Anti-Shrinkage TM2|2
MAQ120,690,693,PRINTED RIBBON,20,Sublimation TM3,0,3,MAQ120|PRINTED RIBBON|20|Sublimation TM3|0
MAQ120,694,700,PRINTED RIBBON,10,Anti-Shrinkage TM2,1,6,MAQ120|PRINTED RIBBON|10|Anti-Shrinkage TM2|1
MAQ120,701,707,PRINTED RIBBON,2,Anti-Shrinkage TM2,1,6,MAQ120|PRINTED RIBBON|2|Anti-Shrinkage TM2|1
MAQ120,708,716,WOVEN LABEL OURELA FABRIC,12,Ironing TM1,0,8,MAQ120|WOVEN LABEL OURELA FABRIC|12|Ironing TM1|0
MAQ120,719,725,BRAIDED ELASTIC,13,Anti-Shrinkage TM2,0,6,MAQ120|BRAIDED ELASTIC|13|Anti-Shrinkage TM2|0
MAQ120,726,729,PRINTED RIBBON,18,Sublimation TM3,0,3,MAQ120|PRINTED RIBBON|18|Sublimation TM3|0
MAQ120,730,736,PRINTED RIBBON,18,Anti-Shrinkage TM2,1,6,MAQ120|PRINTED RIBBON|18|Anti-Shrinkage TM2|1
MAQ120,737,743,STRAP W/ STRIPES,9,Anti-Shrinkage TM2,2,6,MAQ120|STRAP W/ STRIPES|9|Anti-Shrinkage TM2|2
MAQ120,744,750,PRINTED RIBBON,19,Anti-Shrinkage TM2,1,6,MAQ120|PRINTED RIBBON|19|Anti-Shrinkage TM2|1
MAQ120,751,754,PRINTED RIBBON,15,Sublimation TM3,0,3,MAQ120|PRINTED RIBBON|15|Sublimation TM3|0
MAQ120,755,761,STRAP W/ STRIPES,8,Anti-Shrinkage TM2,2,6,MAQ120|STRAP W/ STRIPES|8|Anti-Shrinkage TM2|2
MAQ120,764,767,PRINTED RIBBON,22,Sublimation TM3,0,3,MAQ120|PRINTED RIBBON|22|Sublimation TM3|0
MAQ120,770,773,PRINTED RIBBON,27,Sublimation TM3,0,3,MAQ120|PRINTED RIBBON|27|Sublimation TM3|0
MAQ120,774,780,PRINTED RIBBON,9,Anti-Shrinkage TM2,1,6,MAQ120|PRINTED RIBBON|9|Anti-Shrinkage TM2|1
MAQ120,783,786,PRINTED RIBBON,8,Sublimation TM3,0,3,MAQ120|PRINTED RIBBON|8|Sublimation TM3|0
MAQ120,787,790,PRINTED RIBBON,6,Sublimation TM3,0,3,MAQ120|PRINTED RIBBON|6|Sublimation TM3|0
MAQ120,792,795,PRINTED RIBBON,13,Sublimation TM3,0,3,MAQ120|PRINTED RIBBON|13|Sublimation TM3|0
MAQ120,796,799,PRINTED RIBBON,23,Sublimation TM3,0,3,MAQ120|PRINTED RIBBON|23|Sublimation TM3|0
MAQ120,801,807,PRINTED RIBBON,6,Anti-Shrinkage TM2,1,6,MAQ120|PRINTED RIBBON|6|Anti-Shrinkage TM2|1
MAQ120,808,814,PRINTED RIBBON,3,Anti-Shrinkage TM2,1,6,MAQ120|PRINTED RIBBON|3|Anti-Shrinkage TM2|1
MAQ120,815,818,PRINTED RIBBON,4,Sublimation TM3,0,3,MAQ120|PRINTED RIBBON|4|Sublimation TM3|0
MAQ120,819,822,PRINTED RIBBON,17,Sublimation TM3,0,3,MAQ120|PRINTED RIBBON|17|Sublimation TM3|0
MAQ120,823,829,PRINTED RIBBON,8,Anti-Shrinkage TM2,1,6,MAQ120|PRINTED RIBBON|8|Anti-Shrinkage TM2|1
MAQ120,830,833,PRINTED RIBBON,21,Sublimation TM3,0,3,MAQ120|PRINTED RIBBON|21|Sublimation TM3|0
MAQ120,834,837,PRINTED RIBBON,0,Sublimation TM3,0,3,MAQ120|PRINTED RIBBON|0|Sublimation TM3|0
MAQ120,839,845,PRINTED RIBBON,17,Anti-Shrinkage TM2,1,6,MAQ120|PRINTED RIBBON|17|Anti-Shrinkage TM2|1
MAQ120,846,852,PRINTED RIBBON,0,Anti-Shrinkage TM2,1,6,MAQ120|PRINTED RIBBON|0|Anti-Shrinkage TM2|1
MAQ120,853,859,PRINTED RIBBON,13,Anti-Shrinkage TM2,1,6,MAQ120|PRINTED RIBBON|13|Anti-Shrinkage TM2|1
MAQ120,860,866,PRINTED RIBBON,20,Anti-Shrinkage TM2,1,6,MAQ120|PRINTED RIBBON|20|Anti-Shrinkage TM2|1
MAQ120,867,870,PRINTED RIBBON,1,Sublimation TM3,0,3,MAQ120|PRINTED RIBBON|1|Sublimation TM3|0
MAQ120,871,877,PRINTED RIBBON,1,Anti-Shrinkage TM2,1,6,MAQ120|PRINTED RIBBON|1|Anti-Shrinkage TM2|1
MAQ120,880,886,PRINTED RIBBON,22,Anti-Shrinkage TM2,1,6,MAQ120|PRINTED RIBBON|22|Anti-Shrinkage TM2|1
MAQ120,887,893,PRINTED RIBBON,4,Anti-Shrinkage TM2,1,6,MAQ120|PRINTED RIBBON|4|Anti-Shrinkage TM2|1
MAQ120,894,897,PRINTED RIBBON,16,Sublimation TM3,0,3,MAQ120|PRINTED RIBBON|16|Sublimation TM3|0
MAQ120,899,902,PRINTED RIBBON,26,Sublimation TM3,0,3,MAQ120|PRINTED RIBBON|26|Sublimation TM3|0
MAQ120,903,909,PRINTED RIBBON,25,Anti-Shrinkage TM2,1,6,MAQ120|PRINTED RIBBON|25|Anti-Shrinkage TM2|1
MAQ120,910,916,PRINTED RIBBON,21,Anti-Shrinkage TM2,1,6,MAQ120|PRINTED RIBBON|21|Anti-Shrinkage TM2|1
MAQ120,917,923,PRINTED RIBBON,16,Anti-Shrinkage TM2,1,6,MAQ120|PRINTED RIBBON|16|Anti-Shrinkage TM2|1
MAQ120,925,928,PRINTED RIBBON,7,Sublimation TM3,0,3,MAQ120|PRINTED RIBBON|7|Sublimation TM3|0
MAQ120,929,935,PRINTED RIBBON,15,Anti-Shrinkage TM2,1,6,MAQ120|PRINTED RIBBON|15|Anti-Shrinkage TM2|1
MAQ120,937,940,PRINTED RIBBON,28,Sublimation TM3,0,3,MAQ120|PRINTED RIBBON|28|Sublimation TM3|0
MAQ120,942,948,PRINTED RIBBON,23,Anti-Shrinkage TM2,1,6,MAQ120|PRINTED RIBBON|23|Anti-Shrinkage TM2|1
MAQ120,950,953,PRINTED RIBBON,24,Sublimation TM3,0,3,MAQ120|PRINTED RIBBON|24|Sublimation TM3|0
MAQ120,954,960,PRINTED RIBBON,26,Anti-Shrinkage TM2,1,6,MAQ120|PRINTED RIBBON|26|Anti-Shrinkage TM2|1
MAQ120,961,967,PRINTED RIBBON,7,Anti-Shrinkage TM2,1,6,MAQ120|PRINTED RIBBON|7|Anti-Shrinkage TM2|1
MAQ120,973,979,PRINTED RIBBON,24,Anti-Shrinkage TM2,1,6,MAQ120|PRINTED RIBBON|24|Anti-Shrinkage TM2|1
MAQ120,985,991,PRINTED RIBBON,27,Anti-Shrinkage TM2,1,6,MAQ120|PRINTED RIBBON|27|Anti-Shrinkage TM2|1
MAQ120,992,998,PRINTED RIBBON,28,Anti-Shrinkage TM2,1,6,MAQ120|PRINTED RIBBON|28|Anti-Shrinkage TM2|1
MAQ120,999,1002,PRINTED RIBBON,29,Sublimation TM3,0,3,MAQ120|PRINTED RIBBON|29|Sublimation TM3|0
MAQ120,1005,1011,PRINTED RIBBON,29,Anti-Shrinkage TM2,1,6,MAQ120|PRINTED RIBBON|29|Anti-Shrinkage TM2|1
